{
    "beer": [
        6.010513782501221,
        -5.106515407562256,
        -8.744905471801758
    ],
    "champagne": [
        -7.675827503204346,
        3.906803846359253,
        5.01520299911499
    ],
    "chocolate": [
        -6.899102210998535,
        -0.5013001561164856,
        -14.226383209228516
    ],
    "coffee": [
        -6.763949394226074,
        -1.22433602809906,
        -15.664443969726562
    ],
    "cola": [
        16.39743423461914,
        7.367013454437256,
        -0.07107377052307129
    ],
    "cream": [
        -8.853466033935547,
        -2.4259705543518066,
        -11.411210060119629
    ],
    "gin": [
        -3.2431859970092773,
        2.252732992172241,
        -12.496137619018555
    ],
    "lemon": [
        -4.46672248840332,
        6.1129150390625,
        3.363771915435791
    ],
    "milk": [
        -5.300989151000977,
        0.41445696353912354,
        -13.520010948181152
    ],
    "rum": [
        -4.842503070831299,
        -6.2957868576049805,
        -0.7739474773406982
    ],
    "sake": [
        -1.90910804271698,
        -7.3307785987854,
        4.430697917938232
    ],
    "soda": [
        6.508778095245361,
        6.815225601196289,
        2.593829870223999
    ],
    "sugar": [
        -8.753124237060547,
        -2.2492620944976807,
        -8.710145950317383
    ],
    "syrup": [
        -1.824571967124939,
        5.451511383056641,
        -9.772027969360352
    ],
    "tea": [
        1.9350699186325073,
        -1.0111260414123535,
        1.8630692958831787
    ],
    "tonic": [
        -3.471358060836792,
        1.9926295280456543,
        -9.285428047180176
    ],
    "vodka": [
        -3.5777788162231445,
        -3.4381964206695557,
        -13.524177551269531
    ]
}