{
    "sugar": [
        -8.753124237060547,
        -2.2492620944976807,
        -8.710145950317383
    ],
    "syrup": [
        -1.824571967124939,
        5.451511383056641,
        -9.772027969360352
    ]
}