{
    "apple": [
        113.87158203125,
        -19.755002975463867,
        -64.00963592529297
    ],
    "banana": [
        55.3719596862793,
        89.3366470336914,
        76.61075592041016
    ],
    "beer": [
        -114.02893829345703,
        56.370418548583984,
        -54.328025817871094
    ],
    "bitters": [
        -117.48583984375,
        11.637452125549316,
        82.39549255371094
    ],
    "brandy": [
        -16.488107681274414,
        -24.126230239868164,
        -93.65239715576172
    ],
    "champagne": [
        -47.43254089355469,
        -133.52838134765625,
        25.856685638427734
    ],
    "cherry": [
        52.544517517089844,
        78.948486328125,
        -33.78597640991211
    ],
    "chocolate": [
        -51.651737213134766,
        -63.77412033081055,
        62.58580017089844
    ],
    "coffee": [
        -30.26200294494629,
        -64.1076431274414,
        -13.041172981262207
    ],
    "cola": [
        41.940616607666016,
        6.954900741577148,
        -64.81453704833984
    ],
    "cranberry": [
        -3.1287717819213867,
        122.06961059570312,
        -66.1152114868164
    ],
    "gin": [
        -60.811946868896484,
        80.2239990234375,
        83.60343170166016
    ],
    "grapefruit": [
        43.94925308227539,
        24.134857177734375,
        119.23792266845703
    ],
    "lemon": [
        56.130775451660156,
        23.085472106933594,
        13.756733894348145
    ],
    "lemonade": [
        127.3572006225586,
        -50.10625457763672,
        19.394874572753906
    ],
    "lime": [
        93.88827514648438,
        5.727490425109863,
        65.29251098632812
    ],
    "mandarin": [
        114.27349853515625,
        99.63703155517578,
        17.894245147705078
    ],
    "mango": [
        14.491437911987305,
        -53.58509063720703,
        112.66793823242188
    ],
    "martini": [
        -41.40129470825195,
        70.93126678466797,
        -23.59290313720703
    ],
    "melon": [
        62.693946838378906,
        -53.8140983581543,
        -13.841363906860352
    ],
    "milk": [
        13.923824310302734,
        -34.52025604248047,
        41.63917922973633
    ],
    "orange": [
        25.8342342376709,
        -120.41544342041016,
        -27.068889617919922
    ],
    "peach": [
        121.64385986328125,
        27.80339813232422,
        -4.42120885848999
    ],
    "pineapple": [
        -48.7979621887207,
        9.236726760864258,
        41.500282287597656
    ],
    "plum": [
        49.23298263549805,
        -106.64190673828125,
        46.977638244628906
    ],
    "rain": [
        -14.706818580627441,
        4.332984924316406,
        -20.449356079101562
    ],
    "raspberry": [
        13.075006484985352,
        116.38905334472656,
        15.211237907409668
    ],
    "rum": [
        35.41504669189453,
        -72.21436309814453,
        -97.52405548095703
    ],
    "sake": [
        -128.5122528076172,
        -3.9606635570526123,
        -9.100582122802734
    ],
    "soda": [
        -56.08169174194336,
        -86.1616439819336,
        -87.76396942138672
    ],
    "sprite": [
        91.82592010498047,
        59.18077087402344,
        -100.68206024169922
    ],
    "strawberry": [
        5.307722568511963,
        50.77345275878906,
        45.95800018310547
    ],
    "tea": [
        -93.09896087646484,
        -74.88644409179688,
        -14.029468536376953
    ],
    "tequila": [
        -33.91469955444336,
        49.195343017578125,
        -97.37113189697266
    ],
    "tomato": [
        90.06959533691406,
        -60.83430099487305,
        98.50859069824219
    ],
    "tonic": [
        -40.81673049926758,
        12.911991119384766,
        125.891357421875
    ],
    "vermouth": [
        24.515214920043945,
        6.941383361816406,
        -149.71360778808594
    ],
    "vodka": [
        -92.49163055419922,
        82.9282455444336,
        17.963586807250977
    ],
    "whiskey": [
        -80.23066711425781,
        -4.014586448669434,
        -70.73644256591797
    ]
}