{
    "\"": [
        -47.66854476928711,
        -1.6150563955307007,
        104.2783203125
    ],
    "ache": [
        76.5844955444336,
        28.193470001220703,
        45.18265914916992
    ],
    "alien": [
        -98.51785278320312,
        19.614530563354492,
        67.44927215576172
    ],
    "ancient": [
        -32.63222122192383,
        66.6004638671875,
        12.34351921081543
    ],
    "art": [
        -43.379356384277344,
        -43.956790924072266,
        -65.9673843383789
    ],
    "bear": [
        -97.80178833007812,
        16.53404426574707,
        -18.121681213378906
    ],
    "beauty": [
        -57.9434700012207,
        -1.2669565677642822,
        -58.870174407958984
    ],
    "bury": [
        49.857666015625,
        -44.97044372558594,
        26.730945587158203
    ],
    "cheat": [
        -62.0726432800293,
        -82.6630859375,
        72.1190414428711
    ],
    "child": [
        -51.41727066040039,
        -47.797359466552734,
        16.304794311523438
    ],
    "clown": [
        -11.131539344787598,
        -71.55104064941406,
        -22.883251190185547
    ],
    "dance": [
        -75.35765838623047,
        -24.026172637939453,
        -106.46540832519531
    ],
    "darkness": [
        2.476006031036377,
        -5.474736213684082,
        81.9167251586914
    ],
    "death": [
        -25.001008987426758,
        -41.554107666015625,
        61.266849517822266
    ],
    "deceive": [
        57.438812255859375,
        -90.76175689697266,
        48.66958236694336
    ],
    "despair": [
        -3.796544075012207,
        -51.1169319152832,
        -99.08118438720703
    ],
    "die": [
        -74.56719970703125,
        49.426513671875,
        112.24109649658203
    ],
    "dull": [
        56.59919738769531,
        -50.590980529785156,
        -79.95673370361328
    ],
    "ease": [
        58.7713737487793,
        1.913151741027832,
        3.5908210277557373
    ],
    "ecstasy": [
        20.68985366821289,
        52.71308517456055,
        7.856216907501221
    ],
    "elf": [
        89.14679718017578,
        -76.69255828857422,
        -32.60185623168945
    ],
    "endow": [
        8.721039772033691,
        -88.75103759765625,
        43.438232421875
    ],
    "fade": [
        72.7519760131836,
        -19.078012466430664,
        -40.90446472167969
    ],
    "fancy": [
        15.118144989013672,
        -39.98890686035156,
        -48.580684661865234
    ],
    "fever": [
        106.6977310180664,
        -10.494710922241211,
        30.378408432006836
    ],
    "fled": [
        -6.495898723602295,
        -58.12126922607422,
        103.59508514404297
    ],
    "forget": [
        25.379308700561523,
        -31.370332717895508,
        -6.874317169189453
    ],
    "forlorn": [
        -9.746360778808594,
        95.42959594726562,
        47.65658187866211
    ],
    "fret": [
        22.973281860351562,
        -97.5544204711914,
        -64.5443344116211
    ],
    "full": [
        45.936649322509766,
        21.779945373535156,
        -33.29714584350586
    ],
    "good": [
        108.790283203125,
        3.6198666095733643,
        -18.444908142089844
    ],
    "gray": [
        56.50179672241211,
        -8.470381736755371,
        -112.13301086425781
    ],
    "green": [
        18.426549911499023,
        14.33416748046875,
        -119.87997436523438
    ],
    "groan": [
        41.095340728759766,
        81.04071044921875,
        45.321773529052734
    ],
    "grow": [
        -111.85307312011719,
        -30.729873657226562,
        -50.88914108276367
    ],
    "guess": [
        9.47598648071289,
        -0.4232586622238159,
        -19.384634017944336
    ],
    "happy": [
        -25.34421157836914,
        33.48979949951172,
        -76.90667724609375
    ],
    "haunt": [
        -81.31229400634766,
        45.837066650390625,
        -55.801631927490234
    ],
    "hungry": [
        -57.721527099609375,
        7.068340301513672,
        -8.48903751373291
    ],
    "immortal": [
        -59.67490768432617,
        -9.49535846710205,
        53.062015533447266
    ],
    "incense": [
        23.138872146606445,
        116.83538055419922,
        -6.5390472412109375
    ],
    "land": [
        -76.86295318603516,
        81.35238647460938,
        -6.088536739349365
    ],
    "leave": [
        20.15305519104004,
        -0.7056330442428589,
        28.316402435302734
    ],
    "long": [
        79.67887115478516,
        22.672441482543945,
        109.8626937866211
    ],
    "love": [
        -13.36642837524414,
        0.3980100154876709,
        -58.69439697265625
    ],
    "lustrous": [
        89.66402435302734,
        87.72392272949219,
        -63.47270965576172
    ],
    "meadow": [
        -57.07870101928711,
        95.66300201416016,
        -46.096839904785156
    ],
    "mirth": [
        -113.40498352050781,
        54.06288146972656,
        26.511640548706055
    ],
    "morrow": [
        -34.61099624633789,
        69.64149475097656,
        81.20729064941406
    ],
    "mouth": [
        45.1297721862793,
        35.92930603027344,
        83.37613677978516
    ],
    "music": [
        108.38195037841797,
        -24.28566551208496,
        -84.1014633178711
    ],
    "numbness": [
        101.28617095947266,
        62.00672912597656,
        50.94179153442383
    ],
    "opiate": [
        96.62248992919922,
        -12.82359504699707,
        79.11256408691406
    ],
    "pain": [
        92.4306869506836,
        38.98357009887695,
        17.004253387451172
    ],
    "palsy": [
        94.49542236328125,
        89.3602294921875,
        10.568599700927734
    ],
    "perilous": [
        18.053443908691406,
        -3.762813091278076,
        130.8044891357422
    ],
    "pine": [
        -11.521415710449219,
        104.18262481689453,
        -42.38352966308594
    ],
    "plaintive": [
        7.332202434539795,
        -132.65768432617188,
        -11.486062049865723
    ],
    "quiet": [
        -55.758541107177734,
        -100.50062561035156,
        -52.120384216308594
    ],
    "requiem": [
        -99.15414428710938,
        -30.42278480529785,
        47.27608871459961
    ],
    "retard": [
        -35.7005500793457,
        -97.94208526611328,
        10.293754577636719
    ],
    "ruth": [
        -13.8803071975708,
        39.9925422668457,
        65.60910034179688
    ],
    "save": [
        41.3903923034668,
        -74.1557846069336,
        -10.13703441619873
    ],
    "sea": [
        -53.88591003417969,
        116.76449584960938,
        7.122219562530518
    ],
    "sense": [
        -25.061012268066406,
        -18.93161964416504,
        -18.037975311279297
    ],
    "sick": [
        -5.4732818603515625,
        -36.7928352355957,
        21.73985481262207
    ],
    "sing": [
        -41.905120849609375,
        7.663166046142578,
        -118.59112548828125
    ],
    "sorrow": [
        40.14019775390625,
        -19.602121353149414,
        69.01856994628906
    ],
    "stain": [
        92.95207977294922,
        24.721921920776367,
        -59.03293228149414
    ],
    "starry": [
        -111.22338104248047,
        -71.27180480957031,
        13.533330917358398
    ],
    "sweet": [
        15.21384048461914,
        35.29133987426758,
        -63.40863800048828
    ],
    "tender": [
        54.580322265625,
        46.58602523803711,
        -89.62022399902344
    ],
    "throne": [
        42.3728141784668,
        -59.30052947998047,
        103.47787475585938
    ],
    "time": [
        23.23318862915039,
        76.46027374267578,
        -72.69318389892578
    ],
    "tree": [
        -23.454349517822266,
        95.57836151123047,
        -76.65235137939453
    ],
    "true": [
        -52.74470520019531,
        26.550819396972656,
        32.37510299682617
    ],