{
    "anger": [
        -97.56698608398438,
        52.72432327270508,
        15.463334083557129
    ],
    "anticipation": [
        39.225826263427734,
        120.40377044677734,
        -68.59459686279297
    ],
    "disgust": [
        1.1316715478897095,
        -131.91668701171875,
        123.11388397216797
    ],
    "fear": [
        144.1533203125,
        -14.626130104064941,
        -57.455467224121094
    ],
    "joy": [
        21.772785186767578,
        141.5880584716797,
        97.52427673339844
    ],
    "sadness": [
        -11.505619049072266,
        -33.47784423828125,
        -110.83056640625
    ],
    "surprise": [
        64.42887878417969,
        -4.856563091278076,
        74.35498046875
    ],
    "trust": [
        -99.15196990966797,
        -105.37395477294922,
        1.917285442352295
    ]
}