{
    "abandon": [
        56.15394973754883,
        -4.78692626953125,
        2.1958606243133545
    ],
    "absent": [
        32.31391525268555,
        -8.075004577636719,
        22.12742042541504
    ],
    "academic": [
        15.386480331420898,
        45.34363555908203,
        55.00902557373047
    ],
    "advance": [
        4.33660888671875,
        21.214378356933594,
        25.564340591430664
    ],
    "afraid": [
        18.94229507446289,
        -13.451129913330078,
        -38.5235481262207
    ],
    "agree": [
        28.600069046020508,
        -35.53035354614258,
        -24.179668426513672
    ],
    "amaze": [
        71.15196990966797,
        11.107850074768066,
        -52.28594970703125
    ],
    "anger": [
        94.54265594482422,
        6.384206771850586,
        2.143270254135132
    ],
    "angry": [
        35.049713134765625,
        -28.601356506347656,
        -52.42724609375
    ],
    "annoy": [
        64.46991729736328,
        -9.887566566467285,
        -47.58634948730469
    ],
    "arrive": [
        33.54352951049805,
        -68.84062957763672,
        1.7695399522781372
    ],
    "aspiration": [
        59.58955383300781,
        -6.146784782409668,
        70.64696502685547
    ],
    "assure": [
        39.193607330322266,
        -49.63259506225586,
        26.888303756713867
    ],
    "bad": [
        -15.656621932983398,
        -31.56883430480957,
        -30.921281814575195
    ],
    "base": [
        -59.214202880859375,
        -39.18965530395508,
        53.43550491333008
    ],
    "bite": [
        -66.87413024902344,
        -1.3125065565109253,
        -50.1865348815918
    ],
    "blue": [
        -60.54294967651367,
        19.156452178955078,
        27.965728759765625
    ],
    "bother": [
        37.30403518676758,
        -4.23588752746582,
        -30.72770118713379
    ],
    "break": [
        13.689346313476562,
        26.637786865234375,
        1.8489872217178345
    ],
    "brother": [
        1.9961190223693848,
        34.2609748840332,
        -86.46504974365234
    ],
    "buck": [
        -53.49375534057617,
        -26.374610900878906,
        -38.55674743652344
    ],
    "bye": [
        -34.249446868896484,
        2.26009464263916,
        -68.1005630493164
    ],
    "case": [
        -40.5966796875,
        -80.06745910644531,
        -2.86037015914917
    ],
    "catch": [
        -53.83158493041992,
        12.396960258483887,
        -28.746614456176758
    ],
    "chance": [
        -2.2831971645355225,
        21.619401931762695,
        -14.008797645568848
    ],
    "childhood": [
        -36.27012634277344,
        -81.29440307617188,
        -37.456703186035156
    ],
    "choice": [
        -10.94091510772705,
        -39.84572219848633,
        36.87861251831055
    ],
    "clock": [
        -23.173120498657227,
        32.41666030883789,
        94.07077026367188
    ],
    "comfort": [
        -8.212849617004395,
        -61.06278610229492,
        55.9776611328125
    ],
    "coming": [
        -22.626970291137695,
        28.804162979125977,
        9.374003410339355
    ],
    "complain": [
        37.117759704589844,
        -3.129967451095581,
        -51.21131134033203
    ],
    "completely": [
        39.215415954589844,
        -30.57545280456543,
        48.298213958740234
    ],
    "complicate": [
        68.91223907470703,
        15.791034698486328,
        -19.268102645874023
    ],
    "confuse": [
        62.49835205078125,
        1.739064335823059,
        -31.823272705078125
    ],
    "constant": [
        47.48740768432617,
        52.093074798583984,
        68.41304016113281
    ],
    "cool": [
        -63.766361236572266,
        54.41493225097656,
        1.8244208097457886
    ],
    "crash": [
        -72.72274780273438,
        -52.43165588378906,
        -24.180788040161133
    ],
    "crazy": [
        -32.85383224487305,
        -31.560571670532227,
        -56.657588958740234
    ],
    "cream": [
        -92.21179962158203,
        12.755096435546875,
        21.415313720703125
    ],
    "create": [
        -1.485867977142334,
        -70.84454345703125,
        21.325162887573242
    ],
    "cute": [
        -91.32689666748047,
        23.7097110748291,
        -26.01361846923828
    ],
    "damn": [
        -13.65099811553955,
        -19.100818634033203,
        -56.134239196777344
    ],
    "dance": [
        -24.799545288085938,
        82.36748504638672,
        -20.136165618896484
    ],
    "dear": [
        -22.171524047851562,
        26.183563232421875,
        -71.9815444946289
    ],
    "difficult": [
        6.469946384429932,
        -30.38711929321289,
        14.323761940002441
    ],
    "dinner": [
        -66.65821838378906,
        -12.650123596191406,
        33.44145584106445
    ],
    "disaster": [
        -46.11935043334961,
        -48.64179992675781,
        -16.331804275512695
    ],
    "discussion": [
        3.2712764739990234,
        68.91011810302734,
        -38.38180160522461
    ],
    "draft": [
        -40.801395416259766,
        68.69303894042969,
        57.42060089111328
    ],
    "embarrass": [
        68.25347137451172,
        -24.86286735534668,
        -35.37516403198242
    ],
    "enjoy": [
        -36.42554473876953,
        48.088321685791016,
        -21.863454818725586
    ],
    "equally": [
        23.906517028808594,
        -26.483243942260742,
        28.307884216308594
    ],
    "exhaust": [
        36.767921447753906,
        24.249675750732422,
        96.70325469970703
    ],
    "extend": [
        20.006200790405273,
        -32.98524856567383,
        71.90316009521484
    ],
    "fade": [
        0.7061492800712585,
        65.6340560913086,
        -0.3148028254508972
    ],
    "fall": [
        -9.606693267822266,
        42.032962799072266,
        1.09809410572052
    ],
    "favorite": [
        -82.4233627319336,
        -14.278848648071289,
        -0.7984258532524109
    ],
    "fight": [
        24.282791137695312,
        41.36363983154297,
        -51.597103118896484
    ],
    "fill": [
        -56.29857635498047,
        -29.619646072387695,
        7.55910062789917
    ],
    "finally": [
        -14.601422309875488,
        12.097662925720215,
        5.504340171813965
    ],
    "flea": [
        -83.82421875,
        -17.656274795532227,
        -43.85173797607422
    ],
    "flow": [
        38.498775482177734,
        42.57942199707031,
        87.50667572021484
    ],
    "food": [
        -74.54037475585938,
        -9.114852905273438,
        51.57143783569336
    ],
    "friend": [
        -7.222813606262207,
        39.81855010986328,
        -72.53070831298828
    ],
    "fully": [
        47.13779067993164,
        -41.82692337036133,
        59.11893844604492
    ],
    "fun": [
        -53.229530334472656,
        59.93955612182617,
        -21.121822357177734
    ],
    "general": [
        42.18840789794922,
        4.547476291656494,
        46.9490852355957
    ],
    "glad": [
        -14.704792022705078,
        28.027101516723633,
        -48.02199935913086
    ],
    "good": [
        -26.884952545166016,
        -24.713422775268555,
        54.78653335571289
    ],
    "grab": [
        -59.16548156738281,
        -6.099123954772949,
        -21.635108947753906
    ],
    "guess": [
        -6.141352653503418,
        -6.8612823486328125,
        -33.31232452392578
    ],
    "guilty": [
        16.539079666137695,
        -65.08670043945312,
        -68.1380386352539
    ],
    "happen": [
        -6.341846466064453,
        -4.112092018127441,
        -12.36866283416748
    ],
    "happy": [
        -33.0257453918457,
        30.83281707763672,
        -41.235328674316406
    ],
    "hate": [
        10.412862777709961,
        -37.19400405883789,
        -49.034423828125
    ],
    "hell": [
        4.824349880218506,
        -18.500463485717773,
        -61.651981353759766
    ],