{
    "anger": [
        -96.70709228515625,
        -346.0251770019531,
        360.77593994140625
    ],
    "anticipation": [
        25.923877716064453,
        -247.5869903564453,
        32.68473815917969
    ],
    "disgust": [
        147.4338836669922,
        28.88153839111328,
        -74.00433349609375
    ],
    "fear": [
        56.571327209472656,
        196.81649780273438,
        -190.02186584472656
    ],
    "joy": [
        -65.33745574951172,
        183.03643798828125,
        16.43096923828125
    ],
    "sadness": [
        129.905517578125,
        -42.99662780761719,
        146.9687957763672
    ],
    "surprise": [
        -61.71807098388672,
        -53.07933807373047,
        2.275449275970459
    ],
    "trust": [
        -256.03564453125,
        29.078392028808594,
        -27.510147094726562
    ]
}