{
    "bank": [
        9.068216323852539,
        147.67669677734375,
        -6.513375759124756
    ],
    "beautiful": [
        -22.415403366088867,
        30.634395599365234,
        57.14451599121094
    ],
    "child": [
        -73.16539764404297,
        -47.20751953125,
        -127.85150909423828
    ],
    "church": [
        108.22502899169922,
        -28.033735275268555,
        -77.13217163085938
    ],
    "coach": [
        129.32496643066406,
        -74.16082000732422,
        -0.03709300607442856
    ],
    "cover": [
        -42.83201217651367,
        -4.772308826446533,
        -56.39707565307617
    ],
    "create": [
        -55.3343620300293,
        -30.86866569519043,
        109.015869140625
    ],
    "deal": [
        53.18986511230469,
        70.99452209472656,
        45.67144012451172
    ],
    "deserve": [
        -113.94807434082031,
        2.8254013061523438,
        55.80841064453125
    ],
    "friendly": [
        80.4244613647461,
        -73.14038848876953,
        81.87796783447266
    ],
    "gift": [
        76.05428314208984,
        99.68507385253906,
        -75.33038330078125
    ],
    "grace": [
        7.973479747772217,
        -49.059120178222656,
        61.97356033325195
    ],
    "illustrate": [
        44.55677795410156,
        -138.0198211669922,
        23.83247184753418
    ],
    "invite": [
        139.07579040527344,
        34.979644775390625,
        -43.43751525878906
    ],
    "join": [
        -48.777156829833984,
        -108.05561828613281,
        -23.808162689208984
    ],
    "lead": [
        -56.04631805419922,
        46.26703643798828,
        -17.65780258178711
    ],
    "letter": [
        7.622704029083252,
        122.05683135986328,
        86.56365966796875
    ],
    "long": [
        -137.30857849121094,
        -39.16796112060547,
        -76.091064453125
    ],
    "lose": [
        104.432373046875,
        1.212440013885498,
        43.695011138916016
    ],
    "love": [
        36.866336822509766,
        10.027615547180176,
        84.5626220703125
    ],
    "magical": [
        -115.33467102050781,
        32.48257827758789,
        -85.55690002441406
    ],
    "massage": [
        38.35287857055664,
        -79.91156005859375,
        -23.684782028198242
    ],
    "money": [
        13.6442232131958,
        76.67582702636719,
        -17.114683151245117
    ],
    "mug": [
        -141.96914672851562,
        58.781890869140625,
        0.7799342274665833
    ],
    "offer": [
        58.835052490234375,
        -89.14000701904297,
        -93.91220092773438
    ],
    "personal": [
        71.16024780273438,
        24.305522918701172,
        -19.378156661987305
    ],
    "protect": [
        -35.93681335449219,
        27.896669387817383,
        -120.86190032958984
    ],
    "revolutionary": [
        17.288759231567383,
        -27.0929012298584,
        153.75672912597656
    ],
    "save": [
        15.959033012390137,
        -9.947879791259766,
        -3.401651382446289
    ],
    "small": [
        -77.33804321289062,
        105.39813995361328,
        -54.67073440551758
    ],
    "special": [
        96.6474609375,
        95.65713500976562,
        -7.5770673751831055
    ],
    "start": [
        -58.93573760986328,
        96.86369323730469,
        31.833972930908203
    ],
    "time": [
        -15.59239673614502,
        -60.10285186767578,
        -74.15592956542969
    ],
    "traveling": [
        -4.98765230178833,
        94.03428649902344,
        -101.39989471435547
    ],
    "treasure": [
        -100.58206939697266,
        -87.54586791992188,
        51.88346481323242
    ],
    "treat": [
        -52.609012603759766,
        -27.325551986694336,
        17.602270126342773
    ],
    "trip": [
        20.93143081665039,
        -24.7913875579834,
        -143.5586700439453
    ],
    "valuable": [
        34.82921600341797,
        22.18700408935547,
        -77.09317779541016
    ],
    "visit": [
        -54.9471549987793,
        61.3456916809082,
        119.03617858886719
    ],
    "wonderfully": [
        -20.279823303222656,
        -114.21905517578125,
        63.58949661254883
    ]
}