{
    "anger": [
        38.4057502746582,
        467.1615295410156,
        8.037592887878418
    ],
    "anticipation": [
        -226.5333251953125,
        -152.40921020507812,
        -10.695206642150879
    ],
    "disgust": [
        18.965232849121094,
        -119.6039810180664,
        140.79391479492188
    ],
    "fear": [
        52.46372604370117,
        150.6039581298828,
        71.391357421875
    ],
    "joy": [
        101.25829315185547,
        122.03485870361328,
        -176.3728790283203
    ],
    "sadness": [
        -69.70101165771484,
        -21.69928550720215,
        -102.52950286865234
    ],
    "surprise": [
        -143.89459228515625,
        47.11445236206055,
        200.28321838378906
    ],
    "trust": [
        179.31002807617188,
        -87.22319030761719,
        -36.39257049560547
    ]
}